{"cameraMode":{"drawMode":0,"name":"Shaded","section":"Shading Mode"},"sceneLighting":true,"audioPlay":false,"sceneViewState":{"showFog":true,"showMaterialUpdate":true,"showSkybox":false,"showFlares":true,"showImageEffects":true,"showParticleSystems":true},"in2DMode":false,"pivot":{"x":4.583127975463867,"y":0.4078702926635742,"z":-5.680741786956787},"rotation":{"x":0.4611140191555023,"y":0.5187816619873047,"z":-0.39929479360580447,"w":0.5994658470153809},"size":3.5652894973754885,"orthographic":false}