{"cameraMode":{"drawMode":0,"name":"Shaded","section":"Shading Mode"},"sceneLighting":false,"audioPlay":false,"sceneViewState":{"showFog":true,"showMaterialUpdate":true,"showSkybox":false,"showFlares":true,"showImageEffects":true,"showParticleSystems":true},"in2DMode":false,"pivot":{"x":12.342437744140625,"y":1.8448638916015626,"z":-22.764928817749025},"rotation":{"x":0.36164966225624087,"y":0.5259057879447937,"z":-0.2628605365753174,"w":0.7235738039016724},"size":2.5732054710388185,"orthographic":false}