{"cameraMode":{"drawMode":0,"name":"Shaded","section":"Shading Mode"},"sceneLighting":false,"audioPlay":false,"sceneViewState":{"showFog":true,"showMaterialUpdate":true,"showSkybox":false,"showFlares":true,"showImageEffects":true,"showParticleSystems":true},"in2DMode":false,"pivot":{"x":3.1102476119995119,"y":0.5290513038635254,"z":-4.340621471405029},"rotation":{"x":0.36164966225624087,"y":0.5259057879447937,"z":-0.2628605365753174,"w":0.7235738039016724},"size":2.5895702838897707,"orthographic":false}